Workbook

Sheet LGU FORM A by Country
A1: FORM A
A3: Region: ______
A4: ______________________________
A5: (Month, Year)
A7: REPORT ON THE REGIONAL DISTRIBUTION OF TRAVELERS
A10: City/Municipality: | B10: _________________________________________
A11: Province: | B11: _________________________________________
A13: COUNTRY OF RESIDENCE | B13: AE 1 | C13: AE 2 | D13: AE 3 | E13: AE 4 | F13: AE # | G13: AE # | H13: AE # | I13: AE # | J13: AE # | K13: AE # | L13: AE # | M13: AE # | N13: AE # | O13: AE # | P13: AE # | Q13: AE # | R13: AE # | S13: AE # | T13: AE # | U13: AE # | V13: AE # | W13: AE # | X13: AE # | Y13: TOTAL
A15: PHILIPPINE RESIDENTS
A16: FILIPINO NATIONALITY | Y16: =SUM(B16:X16) -> 0
A17: FOREIGN NATIONALITY | B17: =B137 -> 2 | C17: =C137 -> 0 | D17: =D137 -> 0 | E17: =E137 -> 0 | F17: =F137 -> 0 | G17: =G137 -> 0 | H17: =H137 -> 0 | I17: =I137 -> 0 | ... X17: =X137 -> 0 | Y17: =SUM(B17:X17) -> 2
A18: TOTAL PHILIPPINE RESIDENTS | B18: =SUM(B16:B17) -> 2 | C18: =SUM(C16:C17) -> 0 | D18: =SUM(D16:D17) -> 0 | E18: =SUM(E16:E17) -> 0 | F18: =SUM(F16:F17) -> 0 | G18: =SUM(G16:G17) -> 0 | H18: =SUM(H16:H17) -> 0 | I18: =SUM(I16:I17) -> 0 | ... X18: =SUM(X16:X17) -> 0 | Y18: =SUM(B18:X18) -> 2
A20: NON-PHILIPPINE RESIDENTS
A22: ASIA
A23: ASEAN
A24: BRUNEI | Y24: =SUM(B24:X24) -> 0
A25: CAMBODIA | B25: 1 | Y25: =SUM(B25:X25) -> 1
A26: INDONESIA | Y26: =SUM(B26:X26) -> 0
A27: LAOS | Y27: =SUM(B27:X27) -> 0
A28: MALAYSIA | Y28: =SUM(B28:X28) -> 0
A29: MYANMAR | Y29: =SUM(B29:X29) -> 0
A30: SINGAPORE | Y30: =SUM(B30:X30) -> 0
A31: THAILAND | Y31: =SUM(B31:X31) -> 0
A32: VIETNAM | Y32: =SUM(B32:X32) -> 0
A33: SUB-TOTAL | B33: =SUM(B24:B32) -> 1 | C33: =SUM(C24:C32) -> 0 | D33: =SUM(D24:D32) -> 0 | E33: =SUM(E24:E32) -> 0 | F33: =SUM(F24:F32) -> 0 | G33: =SUM(G24:G32) -> 0 | H33: =SUM(H24:H32) -> 0 | I33: =SUM(I24:I32) -> 0 | ... X33: =SUM(X24:X32) -> 0 | Y33: =SUM(B33:X33) -> 1
A35: EAST ASIA
A36: CHINA | Y36: =SUM(B36:X36) -> 0
A37: HONGKONG | Y37: =SUM(B37:X37) -> 0
A38: JAPAN | Y38: =SUM(B38:X38) -> 0
A39: KOREA | B39: 1 | Y39: =SUM(B39:X39) -> 1
A40: MACAU* | Y40: =SUM(B40:X40) -> 0
A41: TAIWAN | Y41: =SUM(B41:X41) -> 0
A42: SUB-TOTAL | B42: =SUM(B36:B41) -> 1 | C42: =SUM(C36:C41) -> 0 | D42: =SUM(D36:D41) -> 0 | E42: =SUM(E36:E41) -> 0 | F42: =SUM(F36:F41) -> 0 | G42: =SUM(G36:G41) -> 0 | H42: =SUM(H36:H41) -> 0 | I42: =SUM(I36:I41) -> 0 | ... X42: =SUM(X36:X41) -> 0 | Y42: =SUM(B42:X42) -> 1
A44: SOUTH ASIA
A45: BANGLADESH | Y45: =SUM(B45:X45) -> 0
A46: INDIA | Y46: =SUM(B46:X46) -> 0
A47: IRAN | Y47: =SUM(B47:X47) -> 0
A48: NEPAL | Y48: =SUM(B48:X48) -> 0
A49: PAKISTAN | Y49: =SUM(B49:X49) -> 0
A50: SRI LANKA | Y50: =SUM(B50:X50) -> 0
A51: SUB-TOTAL | B51: =SUM(B45:B50) -> 0 | C51: =SUM(C45:C50) -> 0 | D51: =SUM(D45:D50) -> 0 | E51: =SUM(E45:E50) -> 0 | F51: =SUM(F45:F50) -> 0 | G51: =SUM(G45:G50) -> 0 | H51: =SUM(H45:H50) -> 0 | I51: =SUM(I45:I50) -> 0 | ... X51: =SUM(X45:X50) -> 0 | Y51: =SUM(B51:X51) -> 0
A53: MIDDLE EAST
A54: BAHRAIN | Y54: =SUM(B54:X54) -> 0
A55: EGYPT | Y55: =SUM(B55:X55) -> 0
A56: OMAN* | Y56: =SUM(B56:X56) -> 0
A57: ISRAEL | Y57: =SUM(B57:X57) -> 0
A58: JORDAN | Y58: =SUM(B58:X58) -> 0
A59: KUWAIT | Y59: =SUM(B59:X59) -> 0
A60: QATAR* | Y60: =SUM(B60:X60) -> 0
A61: SAUDI ARABIA | Y61: =SUM(B61:X61) -> 0
A62: UNITED ARAB EMIRATES | Y62: =SUM(B62:X62) -> 0
A63: SUB-TOTAL | B63: =SUM(B54:B62) -> 0 | C63: =SUM(C54:C62) -> 0 | D63: =SUM(D54:D62) -> 0 | E63: =SUM(E54:E62) -> 0 | F63: =SUM(F54:F62) -> 0 | G63: =SUM(G54:G62) -> 0 | H63: =SUM(H54:H62) -> 0 | I63: =SUM(I54:I62) -> 0 | ... X63: =SUM(X54:X62) -> 0 | Y63: =SUM(B63:X63) -> 0
A65: COUNTRY OF RESIDENCE | B65: AE 1 | C65: AE 2 | D65: AE 3 | E65: AE 4 | F65: AE # | G65: AE # | H65: AE # | I65: AE # | J65: AE # | K65: AE # | L65: AE # | M65: AE # | N65: AE # | O65: AE # | P65: AE # | Q65: AE # | R65: AE # | S65: AE # | T65: AE # | U65: AE # | V65: AE # | W65: AE # | X65: AE # | Y65: TOTAL
A66: AMERICA
A67: NORTH AMERICA
A68: CANADA | Y68: =SUM(B68:X68) -> 0
A69: MEXICO | Y69: =SUM(B69:X69) -> 0
A70: USA | Y70: =SUM(B70:X70) -> 0
A71: SUB-TOTAL | B71: =SUM(B68:B70) -> 0 | C71: =SUM(C68:C70) -> 0 | D71: =SUM(D68:D70) -> 0 | E71: =SUM(E68:E70) -> 0 | F71: =SUM(F68:F70) -> 0 | G71: =SUM(G68:G70) -> 0 | H71: =SUM(H68:H70) -> 0 | I71: =SUM(I68:I70) -> 0 | ... X71: =SUM(X68:X70) -> 0 | Y71: =SUM(B71:X71) -> 0
A73: SOUTH AMERICA
A74: ARGENTINA | Y74: =SUM(B74:X74) -> 0
A75: BRAZIL | Y75: =SUM(B75:X75) -> 0
A76: COLOMBIA | Y76: =SUM(B76:X76) -> 0
A77: PERU | Y77: =SUM(B77:X77) -> 0
A78: VENEZUELA | Y78: =SUM(B78:X78) -> 0
A79: SUB-TOTAL | B79: =SUM(B74:B78) -> 0 | C79: =SUM(C74:C78) -> 0 | D79: =SUM(D74:D78) -> 0 | E79: =SUM(E74:E78) -> 0 | F79: =SUM(F74:F78) -> 0 | G79: =SUM(G74:G78) -> 0 | H79: =SUM(H74:H78) -> 0 | I79: =SUM(I74:I78) -> 0 | ... X79: =SUM(X74:X78) -> 0 | Y79: =SUM(B79:X79) -> 0
A81: EUROPE
A82: WESTERN EUROPE
A83: ANDORRA* | Y83: =SUM(B83:X83) -> 0
A84: AUSTRIA | Y84: =SUM(B84:X84) -> 0
A85: BELGIUM | Y85: =SUM(B85:X85) -> 0
A86: FRANCE | Y86: =SUM(B86:X86) -> 0
A87: GERMANY | Y87: =SUM(B87:X87) -> 0
A88: LUXEMBOURG | Y88: =SUM(B88:X88) -> 0
A89: NETHERLANDS | Y89: =SUM(B89:X89) -> 0
A90: SWITZERLAND | Y90: =SUM(B90:X90) -> 0
A91: SUB-TOTAL | B91: =SUM(B83:B90) -> 0 | C91: =SUM(C83:C90) -> 0 | D91: =SUM(D83:D90) -> 0 | E91: =SUM(E83:E90) -> 0 | F91: =SUM(F83:F90) -> 0 | G91: =SUM(G83:G90) -> 0 | H91: =SUM(H83:H90) -> 0 | I91: =SUM(I83:I90) -> 0 | ... X91: =SUM(X83:X90) -> 0 | Y91: =SUM(B91:X91) -> 0
A93: NORTHERN EUROPE
A94: DENMARK | Y94: =SUM(B94:X94) -> 0
A95: FINLAND | Y95: =SUM(B95:X95) -> 0
A96: IRELAND | Y96: =SUM(B96:X96) -> 0
A97: NORWAY | Y97: =SUM(B97:X97) -> 0
A98: SWEDEN | Y98: =SUM(B98:X98) -> 0
A99: UNITED KINGDOM | Y99: =SUM(B99:X99) -> 0
A100: SUB-TOTAL | B100: =SUM(B94:B99) -> 0 | C100: =SUM(C94:C99) -> 0 | D100: =SUM(D94:D99) -> 0 | E100: =SUM(E94:E99) -> 0 | F100: =SUM(F94:F99) -> 0 | G100: =SUM(G94:G99) -> 0 | H100: =SUM(H94:H99) -> 0 | I100: =SUM(I94:I99) -> 0 | ... X100: =SUM(X94:X99) -> 0 | Y100: =SUM(B100:X100) -> 0
A102: SOUTHERN EUROPE
A103: GREECE | Y103: =SUM(B103:X103) -> 0
A104: ITALY | Y104: =SUM(B104:X104) -> 0
A105: PORTUGAL | Y105: =SUM(B105:X105) -> 0
A106: SPAIN | Y106: =SUM(B106:X106) -> 0
A107: SUB-TOTAL | B107: =SUM(B103:B106) -> 0 | C107: =SUM(C103:C106) -> 0 | D107: =SUM(D103:D106) -> 0 | E107: =SUM(E103:E106) -> 0 | F107: =SUM(F103:F106) -> 0 | G107: =SUM(G103:G106) -> 0 | H107: =SUM(H103:H106) -> 0 | I107: =SUM(I103:I106) -> 0 | ... X107: =SUM(X103:X106) -> 0 | Y107: =SUM(B107:X107) -> 0
A109: EASTERN EUROPE
A110: COMMONWEALTH OF INDEPENDENT STATES | Y110: =SUM(B110:X110) -> 0
A111: POLAND | Y111: =SUM(B111:X111) -> 0
A112: RUSSIA | Y112: =SUM(B112:X112) -> 0
A113: SUB-TOTAL | B113: =SUM(B110:B112) -> 0 | C113: =SUM(C110:C112) -> 0 | D113: =SUM(D110:D112) -> 0 | E113: =SUM(E110:E112) -> 0 | F113: =SUM(F110:F112) -> 0 | G113: =SUM(G110:G112) -> 0 | H113: =SUM(H110:H112) -> 0 | I113: =SUM(I110:I112) -> 0 | ... X113: =SUM(X110:X112) -> 0 | Y113: =SUM(B113:X113) -> 0
A114: EAST MEDITTERANEAN EUROPE
A115: ISRAEL | Y115: =SUM(B115:X115) -> 0
A116: TURKEY* | Y116: =SUM(B116:X116) -> 0
A117: SUB-TOTAL | B117: =SUM(B114:B116) -> 0 | C117: =SUM(C114:C116) -> 0 | D117: =SUM(D114:D116) -> 0 | E117: =SUM(E114:E116) -> 0 | F117: =SUM(F114:F116) -> 0 | G117: =SUM(G114:G116) -> 0 | H117: =SUM(H114:H116) -> 0 | I117: =SUM(I114:I116) -> 0 | ... X117: =SUM(X114:X116) -> 0 | Y117: =SUM(B117:X117) -> 0
...

Sheet LGU FORM A (Sum) by Country
A1: FORM A
A3: Region: ______
A4: ______________________________
A5: (Month, Year)
A7: REPORT ON THE REGIONAL DISTRIBUTION OF TRAVELERS
A10: City/Municipality:
A11: Province:
A13: COUNTRY OF RESIDENCE | B13: TOTAL
A15: PHILIPPINE RESIDENTS
A16: FILIPINO NATIONALITY | B16: ='LGU FORM A by Country'!Y16 -> 0
A17: FOREIGN NATIONALITY | B17: ='LGU FORM A by Country'!Y17 -> 2
A18: TOTAL PHILIPPINE RESIDENTS | B18: ='LGU FORM A by Country'!Y18 -> 2
A20: NON-PHILIPPINE RESIDENTS
A22: ASIA
A23: ASEAN
A24: BRUNEI | B24: ='LGU FORM A by Country'!Y24 -> 0
A25: CAMBODIA | B25: ='LGU FORM A by Country'!Y25 -> 1
A26: INDONESIA | B26: ='LGU FORM A by Country'!Y26 -> 0
A27: LAOS | B27: ='LGU FORM A by Country'!Y27 -> 0
A28: MALAYSIA | B28: ='LGU FORM A by Country'!Y28 -> 0
A29: MYANMAR | B29: ='LGU FORM A by Country'!Y29 -> 0
A30: SINGAPORE | B30: ='LGU FORM A by Country'!Y30 -> 0
A31: THAILAND | B31: ='LGU FORM A by Country'!Y31 -> 0
A32: VIETNAM | B32: ='LGU FORM A by Country'!Y32 -> 0
A33: SUB-TOTAL | B33: ='LGU FORM A by Country'!Y33 -> 1
A35: EAST ASIA
A36: CHINA | B36: ='LGU FORM A by Country'!Y36 -> 0
A37: HONGKONG | B37: ='LGU FORM A by Country'!Y37 -> 0
A38: JAPAN | B38: ='LGU FORM A by Country'!Y38 -> 0
A39: KOREA | B39: ='LGU FORM A by Country'!Y39 -> 1
A40: MACAU* | B40: ='LGU FORM A by Country'!Y40 -> 0
A41: TAIWAN | B41: ='LGU FORM A by Country'!Y41 -> 0
A42: SUB-TOTAL | B42: ='LGU FORM A by Country'!Y42 -> 1
A44: SOUTH ASIA
A45: BANGLADESH | B45: ='LGU FORM A by Country'!Y45 -> 0
A46: INDIA | B46: ='LGU FORM A by Country'!Y46 -> 0
A47: IRAN | B47: ='LGU FORM A by Country'!Y47 -> 0
A48: NEPAL | B48: ='LGU FORM A by Country'!Y48 -> 0
A49: PAKISTAN | B49: ='LGU FORM A by Country'!Y49 -> 0
A50: SRI LANKA | B50: ='LGU FORM A by Country'!Y50 -> 0
A51: SUB-TOTAL | B51: ='LGU FORM A by Country'!Y51 -> 0
A53: MIDDLE EAST
A54: BAHRAIN | B54: ='LGU FORM A by Country'!Y54 -> 0
A55: EGYPT | B55: ='LGU FORM A by Country'!Y55 -> 0
A56: OMAN* | B56: ='LGU FORM A by Country'!Y56 -> 0
A57: ISRAEL | B57: ='LGU FORM A by Country'!Y57 -> 0
A58: JORDAN | B58: ='LGU FORM A by Country'!Y58 -> 0
A59: KUWAIT | B59: ='LGU FORM A by Country'!Y59 -> 0
A60: QATAR* | B60: ='LGU FORM A by Country'!Y60 -> 0
A61: SAUDI ARABIA | B61: ='LGU FORM A by Country'!Y61 -> 0
A62: UNITED ARAB EMIRATES | B62: ='LGU FORM A by Country'!Y62 -> 0
A63: SUB-TOTAL | B63: ='LGU FORM A by Country'!Y63 -> 0
A65: COUNTRY OF RESIDENCE
A66: AMERICA
A67: NORTH AMERICA
A68: CANADA | B68: ='LGU FORM A by Country'!Y68 -> 0
A69: MEXICO | B69: ='LGU FORM A by Country'!Y69 -> 0
A70: USA | B70: ='LGU FORM A by Country'!Y70 -> 0
A71: SUB-TOTAL | B71: ='LGU FORM A by Country'!Y71 -> 0
A73: SOUTH AMERICA
A74: ARGENTINA | B74: ='LGU FORM A by Country'!Y74 -> 0
A75: BRAZIL | B75: ='LGU FORM A by Country'!Y75 -> 0
A76: COLOMBIA | B76: ='LGU FORM A by Country'!Y76 -> 0
A77: PERU | B77: ='LGU FORM A by Country'!Y77 -> 0
A78: VENEZUELA | B78: ='LGU FORM A by Country'!Y78 -> 0
A79: SUB-TOTAL | B79: ='LGU FORM A by Country'!Y79 -> 0
A81: EUROPE
A82: WESTERN EUROPE
A83: ANDORRA* | B83: ='LGU FORM A by Country'!Y83 -> 0
A84: AUSTRIA | B84: ='LGU FORM A by Country'!Y84 -> 0
A85: BELGIUM | B85: ='LGU FORM A by Country'!Y85 -> 0
A86: FRANCE | B86: ='LGU FORM A by Country'!Y86 -> 0
A87: GERMANY | B87: ='LGU FORM A by Country'!Y87 -> 0
A88: LUXEMBOURG | B88: ='LGU FORM A by Country'!Y88 -> 0
A89: NETHERLANDS | B89: ='LGU FORM A by Country'!Y89 -> 0
A90: SWITZERLAND | B90: ='LGU FORM A by Country'!Y90 -> 0
A91: SUB-TOTAL | B91: ='LGU FORM A by Country'!Y91 -> 0
A93: NORTHERN EUROPE
A94: DENMARK | B94: ='LGU FORM A by Country'!Y94 -> 0
A95: FINLAND | B95: ='LGU FORM A by Country'!Y95 -> 0
A96: IRELAND | B96: ='LGU FORM A by Country'!Y96 -> 0
A97: NORWAY | B97: ='LGU FORM A by Country'!Y97 -> 0
A98: SWEDEN | B98: ='LGU FORM A by Country'!Y98 -> 0
A99: UNITED KINGDOM | B99: ='LGU FORM A by Country'!Y99 -> 0
A100: SUB-TOTAL | B100: ='LGU FORM A by Country'!Y100 -> 0
A102: SOUTHERN EUROPE
A103: GREECE | B103: ='LGU FORM A by Country'!Y103 -> 0
A104: ITALY | B104: ='LGU FORM A by Country'!Y104 -> 0
A105: PORTUGAL | B105: ='LGU FORM A by Country'!Y105 -> 0
A106: SPAIN | B106: ='LGU FORM A by Country'!Y106 -> 0
A107: SUB-TOTAL | B107: ='LGU FORM A by Country'!Y107 -> 0
A109: EASTERN EUROPE
A110: COMMONWEALTH OF INDEPENDENT STATES | B110: ='LGU FORM A by Country'!Y110 -> 0
A111: POLAND | B111: ='LGU FORM A by Country'!Y111 -> 0
A112: RUSSIA | B112: ='LGU FORM A by Country'!Y112 -> 0
A113: SUB-TOTAL | B113: ='LGU FORM A by Country'!Y113 -> 0
A114: EASTERN EUROPE
A115: ISRAEL | B115: ='LGU FORM A by Country'!Y114 -> 0
A116: TURKEY* | B116: ='LGU FORM A by Country'!Y115 -> 0
A117: SUB-TOTAL | B117: ='LGU FORM A by Country'!Y117 -> 0
...

Sheet LGU FORM A by Country (Monthly)
A1: DAE3. FORM A
A3: Region: ______
A4: ______________________________
A5: (Month, Year)
A7: REPORT ON THE REGIONAL DISTRIBUTION OF TRAVELERS
A10: City/Municipality: | B10: _________________________________________
A11: Province: | B11: _________________________________________
A13: COUNTRY OF RESIDENCE | B13: January | C13: February | D13: March | E13: April | F13: May | G13: June | H13: July | I13: August | J13: September | K13: October | L13: November | M13: December | N13: TOTAL
A15: PHILIPPINE RESIDENTS
A16: FILIPINO NATIONALITY | N16: =SUM(B16:M16) -> 0
A17: FOREIGN NATIONALITY | N17: =SUM(B17:M17) -> 0
A18: TOTAL PHILIPPINE RESIDENTS | B18: =SUM(B16:B17) -> 0 | C18: =SUM(C16:C17) -> 0 | D18: =SUM(D16:D17) -> 0 | E18: =SUM(E16:E17) -> 0 | F18: =SUM(F16:F17) -> 0 | G18: =SUM(G16:G17) -> 0 | H18: =SUM(H16:H17) -> 0 | I18: =SUM(I16:I17) -> 0 | ... M18: =SUM(M16:M17) -> 0 | N18: =SUM(B18:M18) -> 0
A20: NON-PHILIPPINE RESIDENTS
A22: ASIA
A23: ASEAN
A24: BRUNEI | N24: =SUM(B24:M24) -> 0
A25: CAMBODIA | N25: =SUM(B25:M25) -> 0
A26: INDONESIA | N26: =SUM(B26:M26) -> 0
A27: LAOS | N27: =SUM(B27:M27) -> 0
A28: MALAYSIA | N28: =SUM(B28:M28) -> 0
A29: MYANMAR | N29: =SUM(B29:M29) -> 0
A30: SINGAPORE | N30: =SUM(B30:M30) -> 0
A31: THAILAND | N31: =SUM(B31:M31) -> 0
A32: VIETNAM | N32: =SUM(B32:M32) -> 0
A33: SUB-TOTAL | B33: =SUM(B24:B32) -> 0 | C33: =SUM(C24:C32) -> 0 | D33: =SUM(D24:D32) -> 0 | E33: =SUM(E24:E32) -> 0 | F33: =SUM(F24:F32) -> 0 | G33: =SUM(G24:G32) -> 0 | H33: =SUM(H24:H32) -> 0 | I33: =SUM(I24:I32) -> 0 | ... M33: =SUM(M24:M32) -> 0 | N33: =SUM(B33:M33) -> 0
A35: EAST ASIA
A36: CHINA | N36: =SUM(B36:M36) -> 0
A37: HONGKONG | N37: =SUM(B37:M37) -> 0
A38: JAPAN | N38: =SUM(B38:M38) -> 0
A39: KOREA | N39: =SUM(B39:M39) -> 0
A40: MACAU* | N40: =SUM(B40:M40) -> 0
A41: TAIWAN | N41: =SUM(B41:M41) -> 0
A42: SUB-TOTAL | B42: =SUM(B36:B41) -> 0 | C42: =SUM(C36:C41) -> 0 | D42: =SUM(D36:D41) -> 0 | E42: =SUM(E36:E41) -> 0 | F42: =SUM(F36:F41) -> 0 | G42: =SUM(G36:G41) -> 0 | H42: =SUM(H36:H41) -> 0 | I42: =SUM(I36:I41) -> 0 | ... M42: =SUM(M36:M41) -> 0 | N42: =SUM(B42:M42) -> 0
A44: SOUTH ASIA
A45: BANGLADESH | N45: =SUM(B45:M45) -> 0
A46: INDIA | N46: =SUM(B46:M46) -> 0
A47: IRAN | N47: =SUM(B47:M47) -> 0
A48: NEPAL | N48: =SUM(B48:M48) -> 0
A49: PAKISTAN | N49: =SUM(B49:M49) -> 0
A50: SRI LANKA | N50: =SUM(B50:M50) -> 0
A51: SUB-TOTAL | B51: =SUM(B45:B50) -> 0 | C51: =SUM(C45:C50) -> 0 | D51: =SUM(D45:D50) -> 0 | E51: =SUM(E45:E50) -> 0 | F51: =SUM(F45:F50) -> 0 | G51: =SUM(G45:G50) -> 0 | H51: =SUM(H45:H50) -> 0 | I51: =SUM(I45:I50) -> 0 | ... M51: =SUM(M45:M50) -> 0 | N51: =SUM(B51:M51) -> 0
A53: MIDDLE EAST
A54: BAHRAIN | N54: =SUM(B54:M54) -> 0
A55: EGYPT | N55: =SUM(B55:M55) -> 0
A56: OMAN* | N56: =SUM(B56:M56) -> 0
A57: JORDAN | N57: =SUM(B57:M57) -> 0
A58: KUWAIT | N58: =SUM(B58:M58) -> 0
A59: OMAN* | N59: =SUM(B59:M59) -> 0
A60: SAUDI ARABIA | N60: =SUM(B60:M60) -> 0
A61: UNITED ARAB EMIRATES | N61: =SUM(B61:M61) -> 0
A62: SUB-TOTAL | B62: =SUM(B54:B61) -> 0 | C62: =SUM(C54:C61) -> 0 | D62: =SUM(D54:D61) -> 0 | E62: =SUM(E54:E61) -> 0 | F62: =SUM(F54:F61) -> 0 | G62: =SUM(G54:G61) -> 0 | H62: =SUM(H54:H61) -> 0 | I62: =SUM(I54:I61) -> 0 | ... M62: =SUM(M54:M61) -> 0 | N62: =SUM(B62:M62) -> 0
A64: COUNTRY OF RESIDENCE | B64: January | C64: February | D64: March | E64: April | F64: May | G64: June | H64: July | I64: August | J64: September | K64: October | L64: November | M64: December | N64: TOTAL
A65: AMERICA
A66: NORTH AMERICA
A67: CANADA | N67: =SUM(B67:M67) -> 0
A68: MEXICO | N68: =SUM(B68:M68) -> 0
A69: USA | N69: =SUM(B69:M69) -> 0
A70: SUB-TOTAL | B70: =SUM(B67:B69) -> 0 | C70: =SUM(C67:C69) -> 0 | D70: =SUM(D67:D69) -> 0 | E70: =SUM(E67:E69) -> 0 | F70: =SUM(F67:F69) -> 0 | G70: =SUM(G67:G69) -> 0 | H70: =SUM(H67:H69) -> 0 | I70: =SUM(I67:I69) -> 0 | ... M70: =SUM(M67:M69) -> 0 | N70: =SUM(B70:M70) -> 0
A72: SOUTH AMERICA
A73: ARGENTINA | N73: =SUM(B73:M73) -> 0
A74: BRAZIL | N74: =SUM(B74:M74) -> 0
A75: COLOMBIA | N75: =SUM(B75:M75) -> 0
A76: PERU | N76: =SUM(B76:M76) -> 0
A77: VENEZUELA | N77: =SUM(B77:M77) -> 0
A78: SUB-TOTAL | B78: =SUM(B73:B77) -> 0 | C78: =SUM(C73:C77) -> 0 | D78: =SUM(D73:D77) -> 0 | E78: =SUM(E73:E77) -> 0 | F78: =SUM(F73:F77) -> 0 | G78: =SUM(G73:G77) -> 0 | H78: =SUM(H73:H77) -> 0 | I78: =SUM(I73:I77) -> 0 | ... M78: =SUM(M73:M77) -> 0 | N78: =SUM(B78:M78) -> 0
A80: EUROPE
A81: WESTERN EUROPE
A82: ANDORRA* | N82: =SUM(B82:M82) -> 0
A83: AUSTRIA | N83: =SUM(B83:M83) -> 0
A84: BELGIUM | N84: =SUM(B84:M84) -> 0
A85: FRANCE | N85: =SUM(B85:M85) -> 0
A86: GERMANY | N86: =SUM(B86:M86) -> 0
A87: LUXEMBOURG | N87: =SUM(B87:M87) -> 0
A88: NETHERLANDS | N88: =SUM(B88:M88) -> 0
A89: SWITZERLAND | N89: =SUM(B89:M89) -> 0
A90: SUB-TOTAL | B90: =SUM(B82:B89) -> 0 | C90: =SUM(C82:C89) -> 0 | D90: =SUM(D82:D89) -> 0 | E90: =SUM(E82:E89) -> 0 | F90: =SUM(F82:F89) -> 0 | G90: =SUM(G82:G89) -> 0 | H90: =SUM(H82:H89) -> 0 | I90: =SUM(I82:I89) -> 0 | ... M90: =SUM(M82:M89) -> 0 | N90: =SUM(B90:M90) -> 0
A92: NORTHERN EUROPE
A93: DENMARK | N93: =SUM(B93:M93) -> 0
A94: FINLAND | N94: =SUM(B94:M94) -> 0
A95: IRELAND | N95: =SUM(B95:M95) -> 0
A96: NORWAY | N96: =SUM(B96:M96) -> 0
A97: SWEDEN | N97: =SUM(B97:M97) -> 0
A98: UNITED KINGDOM | N98: =SUM(B98:M98) -> 0
A99: SUB-TOTAL | B99: =SUM(B93:B98) -> 0 | C99: =SUM(C93:C98) -> 0 | D99: =SUM(D93:D98) -> 0 | E99: =SUM(E93:E98) -> 0 | F99: =SUM(F93:F98) -> 0 | G99: =SUM(G93:G98) -> 0 | H99: =SUM(H93:H98) -> 0 | I99: =SUM(I93:I98) -> 0 | ... M99: =SUM(M93:M98) -> 0 | N99: =SUM(B99:M99) -> 0
A101: SOUTHERN EUROPE
A102: GREECE | N102: =SUM(B102:M102) -> 0
A103: ITALY | N103: =SUM(B103:M103) -> 0
A104: PORTUGAL | N104: =SUM(B104:M104) -> 0
A105: SPAIN | N105: =SUM(B105:M105) -> 0
A106: SUB-TOTAL | B106: =SUM(B102:B105) -> 0 | C106: =SUM(C102:C105) -> 0 | D106: =SUM(D102:D105) -> 0 | E106: =SUM(E102:E105) -> 0 | F106: =SUM(F102:F105) -> 0 | G106: =SUM(G102:G105) -> 0 | H106: =SUM(H102:H105) -> 0 | I106: =SUM(I102:I105) -> 0 | ... M106: =SUM(M102:M105) -> 0 | N106: =SUM(B106:M106) -> 0
A108: EASTERN EUROPE
A109: COMMONWEALTH OF INDEPENDENT STATES | N109: =SUM(B109:M109) -> 0
A110: POLAND | N110: =SUM(B110:M110) -> 0
A111: RUSSIA | N111: =SUM(B111:M111) -> 0
A112: SUB-TOTAL | B112: =SUM(B109:B111) -> 0 | C112: =SUM(C109:C111) -> 0 | D112: =SUM(D109:D111) -> 0 | E112: =SUM(E109:E111) -> 0 | F112: =SUM(F109:F111) -> 0 | G112: =SUM(G109:G111) -> 0 | H112: =SUM(H109:H111) -> 0 | I112: =SUM(I109:I111) -> 0 | ... M112: =SUM(M109:M111) -> 0 | N112: =SUM(B112:M112) -> 0
A113: EAST MEDITTERANEAN EUROPE
A114: ISRAEL | N114: =SUM(B114:M114) -> 0
A115: TURKEY* | N115: =SUM(B115:M115) -> 0
A116: SUB-TOTAL | B116: =SUM(B113:B115) -> 0 | C116: =SUM(C113:C115) -> 0 | D116: =SUM(D113:D115) -> 0 | E116: =SUM(E113:E115) -> 0 | F116: =SUM(F113:F115) -> 0 | G116: =SUM(G113:G115) -> 0 | H116: =SUM(H113:H115) -> 0 | I116: =SUM(I113:I115) -> 0 | ... M116: =SUM(M113:M115) -> 0 | N116: =SUM(B116:M116) -> 0
A118: AUSTRALASIA/PACIFIC
...
